config,method,mae,bias,tradeoff,ci_lower,ci_upper,effect_size,n_valid,note,nota_robustez
CHOCLO,GPT,0.544251463258708,0.18941534558931988,0.7336668088480278,0.5170388900957726,0.5714640364216433,0.34802909113905506,270,,
CHOCLO,Claude,0.5648061510140973,0.18750108201056714,0.7523072330246644,0.5365658434633924,0.5930464585648021,0.3319742151429669,270,,
CHOCLO,GPT_post,0.544251463258708,1.1102230246251565e-16,0.5442514632587081,0.5170388900957726,0.5714640364216433,2.0399081659397105e-16,270,,
CHOCLO,Claude_post,0.5648061510140973,2.220446049250313e-16,0.5648061510140975,0.5365658434633924,0.5930464585648021,3.9313417638071615e-16,270,,
