config,method,mae,bias,tradeoff,ci_lower,ci_upper,effect_size,n_valid,note,nota_robustez,fairness_gap,multi_objective_score
CHOCLO,GPT,0.544251463258708,0.18941534558931988,0.7336668088480278,0.5170388900957726,0.5714640364216433,0.34802909113905506,270,,,0.8793403506278992,0.9839216385726576
CHOCLO,Claude,0.5648061510140973,0.18750108201056714,0.7523072330246644,0.5365658434633924,0.5930464585648021,0.3319742151429669,270,,,0.8904091296717525,1.0100107158499734
